{
    "src": [
        "./sounds/background-night.webm"
    ],
    "sprite": {
        "harmonica": [
            0,
            210147.1201814059
        ],
        "nightambiance": [
            212000,
            99056.32653061223
        ],
        "PianoSong": [
            313000,
            166017.59637188207
        ]
    },
    "preload": true,
    "loop": true
}