{
  "src": [
    "./sounds/sfx-day.webm"
  ],
  "sprite": {
    "coyote": [
      0,
      8916.462585034013
    ],
    "eagle": [
      10000,
      4085.487528344672
    ],
    "fringues": [
      16000,
      2481.632653061226
    ],
    "partouzeurs": [
      20000,
      3578.775510204082
    ]
  },
  "preload": true
}