{
  "src": [
    "./sounds/sfx.webm"
  ],
  "sprite": {
    "balles": [
      0,
      4623.673469387755
    ],
    "discuter": [
      6000,
      5093.877551020409
    ],
    "owl": [
      13000,
      10004.897959183672
    ],
    "wolf": [
      25000,
      4046.8027210884366
    ]
  },
  "volume": 1.0,
  "preload": true
}